Suburb,Street
"Aarons Pass, Apple Tree Flat, Cudgegong, Ilford",Castlereagh Highway
"Abbotsbury, Bossley Park, Edensor Park",Cowpasture Road
Aberdare,Melbourne Street
"Aberdare, Cessnock",Aberdare Road
"Aberdare, Cessnock, Neath","Cessnock Road, Maitland Road"
"Aberdeen, Muswellbrook","Macqueen Street, New England Highway"
"Aberdeen, Scone, Segenhoe","Kelly Street, New England Highway"
"Aberglasslyn, Rutherford",Denton Park Drive
"Abington, Bundarra, Yarrowyck","Bendemeer Street, Thunderbolts Way"
"Adaminaby, Dry Plain, Rhine Falls",Snowy Mountains Highway
"Adaminaby, Kosciuszko National Park, Providence Portal",Snowy Mountains Highway
"Adamstown Heights, Merewether",Pacific Highway
"Adamstown, Hamilton South",Glebe Road
"Adelong, Gadara",Snowy Mountains Highway
"Agnes Banks, Richmond, Yarramundi","Castlereagh Road, Springwood Road"
"Albion Park Rail, Croom",Princes Highway
"Albion Park, Albion Park Rail, Macquarie Pass, North Macquarie, Tongarra, Tullimbar","Illawarra Highway, Tongarra Road"
"Albion Park, Croom","Jamberoo Road, Terry Street"
"Albury, East Albury","Borella Road, Riverina Highway"
"Aldavilla, Yarravel",Sherwood Road
Alectown,"Goobang Street, Newell Highway"
"Alexandria, Beaconsfield, Chippendale, Haymarket, Redfern, Rosebery, Waterloo, Zetland","Botany Road, Gibbons Street, Lee Street, Regent Street, Wyndham Street"
"Alexandria, Eastlakes, Mascot, Rosebery",Gardeners Road
"Alexandria, Erskineville, Newtown, St Peters","King Street, Princes Highway"
"Alexandria, Mascot, St Peters","Canal Road, Gardeners Road, Kent Road, Ricketty Street"
"Alfredtown, East Wagga Wagga, Forest Hill, Gumly Gumly","Hammond Avenue, Sturt Highway"
"Alison, Dungog, Stroud Hill, Tabbil Creek","Clarence Town Road, Dowling Street, Mary Street, Stroud Hill Road"
"Allambie Heights, Balgowlah, Brookvale, Manly Vale, North Balgowlah, North Manly","Burnt Bridge Creek Deviation, Condamine Street"
"Allandale, Greta, Harpers Hill, Lochinvar",New England Highway
"Alleena, Ariah Park, Beckom, Mirrool",Newell Highway
"Alleena, West Wyalong",Newell Highway
"Allworth, Booral, Craven, Forbesdale, Gloucester, Limeburners Creek, Stratford, Stroud, Stroud Road, Wards River, Weismantels","Berkeley Street, Church Street, Cowper Street, The Bucketts Way"
"Alstonville, Tuckombil, Wollongbar","Rifle Range Road, Teven Road, Tuckombil Road"
"Alstonville, Uralba, Wollongbar","Ballina Road, Bruxner Highway, Bugden Avenue, Lismore Road, Main Street"
"Alumy Creek, Grafton, Great Marlow, Ilarwill, Lawrence, Lower Southgate, Maclean, South Arm, Southgate, Woodford Island","Woodford Street, Lawrence Road, Merton Street, Rutland Street, Richmond Street, Bridge Street, Ensbey Road, Queen Street"
"Ambarvale, Bradbury, Campbelltown, Rosemeadow, St Helens Park",Appin Road
"Amosfield, Bookookoorara, Boonoo Boonoo, Carrolls Creek, Tenterfield, Willsons Downfall","Mount Lindesay Road, Logan Street"
"Amosfield, Cullendore, Koreelah, Legume, Liston, Lower Acacia Creek, Woodenbong, Wylie Creek","Mount Lindesay Road, Acacia Avenue, Liston Road"
"Anna Bay, Salamander Bay, Taylors Beach",Port Stephens Drive
"Annangrove, Rouse Hill",Annangrove Road
"Appin, Cataract","Appin Road, Church Street"
"Appin, Wilton","Appin Road, Wilton Road"
"Apsley, Bakers Swamp, Cundumbul, Larras Lee, Molong, Neurea","Market Street, Mitchell Highway"
"Apsley, Clergate, Dripstone, Euchareena, Farnham, Kerrs Creek, March, Mullion Creek, Mumbil, Orange, Stuart Town","Alexander Street, Burrandong Street, Burrendong Way"
"Apsley, Wellington","Arthur Street, Curtis Street, Maughan Street, Mitchell Highway"
"Ardlethan, Barellan, Kamarah, Moombooldool","Burley Griffin Way, Train Street, Yapunyah Street"
"Argenton, Glendale",Lake Road
"Armatree, Coonamble, Curban, Gilgandra, Gulargambone","Aberford Street, Castlereagh Highway, Castlereagh Street, Coonamble Street, Lower Miller Street, Miller Street"
Armidale,"Uralla Road, Kentucky Street, Dangar Street, Barney Street, Grafton Road"
"Armidale, Black Mountain, Tilbuster",New England Highway
"Armidale, Hillgrove, Metz",Waterfall Way
"Armidale, Invergowrie, Saumarez Ponds, Yarrowyck",Bundarra Road
"Armidale, Saumarez",New England Highway
Arncliffe,"Forest Road, Wickham Street"
"Arncliffe, Tempe, Wolli Creek",Princes Highway
"Arndell Park, Bungarribee, Doonside","Doonside Road, Eastern Road, Knox Road"
"Arndell Park, Bungarribee, Eastern Creek, Huntingwood",Great Western Highway
"Arrawarra Headland, Sandy Beach, Woolgoolga","Pacific Highway, Solitary Islands Way"
"Artarmon, Chatswood, Lane Cove North, Willoughby","Centennial Avenue, Mowbray Road"
"Ashfield, Dulwich Hill, Lewisham, Summer Hill","Barker Street, Brown Street, Cook Street, Old Canterbury Road"
"Ashford, Bukkulla, Inverell, Nullamanna, Wandera","Ashford Road, Byron Street"
"Ashmont, Glenfield Park, Mount Austin",Fernleigh Road
"Ashtonfield, East Maitland","New England Highway, Newcastle Street"
"Ashtonfield, Thornton",New England Highway
"Attunga, Klori, Moore Creek",Manilla Road
Auburn,Cumberland Road
Auburn,Park Road
Auburn,Rawson Street
"Auburn, Berala, Chester Hill, Regents Park, Sefton","Carlingford Street, Park Road, Waldron Road"
"Auburn, Guildford, Lidcombe, South Granville","Clyde Street, Park Road, Rawson Road, Vaughan Street, Wellington Road"
"Austinmer, Coledale, Wombarra",Lawrence Hargrave Drive
"Austinmer, Thirroul",Lawrence Hargrave Drive
"Austral Eden, Belmore River, Gladstone, Kinchela","Barnard Street, South West Rocks Road"
"Austral Eden, Hampden Hall, Pola Creek",South West Rocks Road
"Austral, Kemps Creek, Middleton Grange, Rossmore, West Hoxton",Fifteenth Avenue
"Avalon Beach, Palm Beach",Barrenjoey Road
"Avisford, Caerleon, Collingwood, Erudgere, Grattai",Hill End Road
"Avoca Beach, Copacabana, Kincumber, Picketts Valley","Avoca Drive, Cape Three Points Road"
"Avoca, Burrawang, Moss Vale",Illawarra Highway
"Avonside, Berridale",Kosciuszko Road
"Awaba, Ryhope",Cessnock Road
"Baan Baa, Boggabri","Bibil Street, Kamilaroi Highway"
"Baan Baa, Narrabri, Turrawan",Kamilaroi Highway
"Back Forest, Bolong, Bomaderry",Bolong Road
"Back Forest, Coolangatta",Bolong Road
"Bagnoo, Doyles River, Ellenborough, Hartys Plains, Hyndmans Creek, Long Flat, Mount Seaview, Walcha, Yarras, Yarrowitch","Fitzroy Street, Oxley Highway"
"Bakers Creek, Belbora, Burrell Creek, Gangat, Gloucester, Krambach, Kundibakh, Tugrabakh","Denison Street, The Bucketts Way"
"Balaclava, Braemar, Mittagong, Willow Vale","Main Street, Old Hume Highway"
"Bald Hills, Millingandi, Pambula","Princes Highway, Quondola Street"
"Bald Nob, Cangai, Eatonsville, Gibraltar Range, Glen Elgin, Glen Innes, Jackadgery, Moogem, Ramornie, Shannon Vale, South Grafton, Waterview, Waterview Heights","Gwydir Highway, Meade Street, Ryan Street"
Balgowlah,Sydney Road
"Balgowlah, Fairlight, Manly","Commonwealth Parade, Lauderdale Avenue, The Crescent"
"Balgowlah, Fairlight, Manly",Sydney Road
"Balickera, Eagleton, Ferodale, Karuah, Twelve Mile Creek",Pacific Highway
"Balladoran, Brocklehurst, Eumungerie, Gilgandra, Terramungamine",Newell Highway
"Ballimore, Dubbo, Dunedoo, Elong Elong, Gollan","Bolaro Street, Dunedoo Road, Golden Highway"
"Ballina, Cumbalum, Tintenbar","Pacific Highway, Roseville Lane, Tamarind Drive"
"Ballina, West Ballina","Kerr Street, River Street, Tamarind Drive"
"Bangalee, North Nowra, Tapitallee",Illaroo Road
"Bangalow, Ewingsdale, McLeods Shoot, Newrybar, Tyagarah",Pacific Highway
Bangor,Menai Road
"Bangor, Menai, Sutherland, Woronora","Bangor Bypass, Linden Street, River Road"
"Banksmeadow, Botany",Foreshore Road
"Banksmeadow, Botany, Eastgardens, Pagewood","Heffron Road, Page Street, Stephen Road"
Bankstown,Macauley Avenue
"Bankstown Aerodrome, Georges Hall",Henry Lawson Drive
"Bankstown, Condell Park, Yagoona",Edgar Street
"Bannister, Crookwell, Goulburn, Kingsdale, Pejar, Wayo","Crookwell Road, Goulburn Road, Goulburn Street"
Banora Point,Darlington Drive
"Banora Point, Terranora",Terranora Road
"Banora Point, Tweed Heads South",Fraser Drive
"Banyabba, Camira, Casino, Coombell, Ellangowan, Leeville, Myrtle Creek, Rappville, Shannon Brook, Whiporie","Centre Street, Summerland Way"
"Banyabba, Clifden, Dilkoon, Gurranang, Mountain View, Warragai Creek",Summerland Way
"Bar Beach, Merewether","Frederick Street, Helen Street, Memorial Drive, Scenic Drive"
"Bar Point, Calga, Cheero Point, Mooney Mooney, Mount White",Pacific Highway
"Baradine, Bugaldie, Coonabarabran, Coonamble, Nebea, Pine Grove, Teridgerie","Aberford Street, Baradine Road, Dubbo Street, Narren Street, White Street, Worrigal Street"
"Barcoongere, Bookram, Pillar Valley, Wooli","Wooli Road, North Street, Main Street"
"Bardia, Denham Court, Glenfield, Ingleburn, Macquarie Links, Varroville",M31 Hume Motorway
"Barellan, Bilbul, Binya, Yenda, Yoogali","Burley Griffin Way, Francis Street, Mirrool Avenue, Yapunyah Street"
Bargo,"Railside Avenue, Remembrance Driveway"
"Bargo, Picton, Tahmoor",Remembrance Driveway
"Barmedman, Gidginbung, Reefton, Temora","Goldfields Way, Temora Street"
"Barmedman, Wyalong","Camp Street, Goldfields Way, Queen Street"
Barrack Heights,Captain Cook Drive
"Barrack Heights, Blackbutt, Flinders, Shellharbour, Shellharbour City Centre",Wattle Road
"Barrack Heights, Dunmore, Flinders, Shell Cove, Shellharbour",Shellharbour Road
"Barrack Heights, Lake Illawarra, Warilla",Shellharbour Road
"Barrack Heights, Mount Warrigal, Oak Flats, Shellharbour City Centre","Lake Entrance Road, New Lake Entrance Road"
"Barraganyatti, Clybucca, Eungai Rail","Macleay Valley Way, Pacific Highway"
"Barrengarry, Fitzroy Falls","Moss Vale Road, Nowra Road"
"Barrengarry, Kangaroo Valley",Moss Vale Road
"Basin View, Bewong, Tullarwalla, Wandandian",Princes Highway
"Basin View, Falls Creek, Tomerong",Princes Highway
"Bass Hill, Lansdowne, Villawood",Hume Highway
"Bateau Bay, Berkeley Vale, Glenning Valley, Killarney Vale, Long Jetty, Tumbi Umbi",Wyong Road
"Batehaven, Catalina",Beach Road
"Batemans Bay, Catalina",Beach Road
"Batemans Bay, Mogo","Princes Highway, Vesper Street"
"Bathampton, Blayney, Evans Plains, Fitzgeralds Mount, Kings Plains","Adelaide Street, Mid Western Highway"
"Bathurst, Dunkeld, Evans Plains, Mitchell, Robin Hill, Stewarts Mount, West Bathurst, Windradyne","Brilliant Street, Mitchell Highway, Vittoria Street"
"Bathurst, Kelso","Durham Street, Great Western Highway, Kendall Avenue, Sydney Road"
"Bathurst, Orton Park, South Bathurst","Bentinck Street, Rocket Street, Vale Road"
"Batlow, Kunama, Laurel Hill, Wondalga",Batlow Road
"Baulkham Hills, Bella Vista",Seven Hills Road
"Baulkham Hills, Castle Hill",Windsor Road
"Baulkham Hills, Castle Hill",Windsor Road
"Baulkham Hills, Castle Hill, Kellyville",Windsor Road
"Baulkham Hills, North Rocks","Barclay Road, Cook Street, Park Road, Renown Road"
"Baulkham Hills, Seven Hills, Winston Hills",Old Windsor Road
"Bawley Point, Termeil",Bawley Point Road
"Bayview, Church Point",Pittwater Road
"Bayview, Mona Vale",Pittwater Road
Beacon Hill,Willandra Road
"Beacon Hill, Brookvale, Dee Why, Frenchs Forest, Narraweena",Warringah Road
"Bean Creek, Bonalbo, Boomi Creek, Bottle Creek, Culmaran Creek, Joes Box, Muli Muli, Old Bonalbo, Sandilands, Tunglebung, Urbenville, Woodenbong","Beaury Street, Clarence Way, Macpherson Street, Tooloom Street, Woodenbong Road"
"Bective, Carroll, Gunnedah, Somerton, Wallamore","Breeza Street, Brooke Street, Oxley Highway"
"Beechwood, Redbank, Wauchope","Beechwood Road, Pappinbarra Road, Pembrooke Road, Redbank Road, Stoney Creek Road"
"Beemunnel, Collie, Gilgandra, Nevertire, Ravenswood, Red Hill, Snakes Plain, Tenandra, Warren","Burton Street, Coonamble Road, Oxley Highway, Warren Road, Warren Street"
Bega,"Carp Street, Gipps Street, Newtown Road, Princes Highway"
"Bega, Black Range, Frogs Hollow, Kingswood, Millingandi, Wolumla, Yellow Pinch","Merimbula Drive, Newtown Road, Princes Highway"
"Bega, Coopers Gully, Stony Creek",Princes Highway
"Belfield, Belmore, Strathfield, Strathfield South","Burwood Road, Homebush Road, Water Street"
"Belfield, Strathfield South",Cosgrove Road
"Belford, Branxton, East Branxton, Lower Belford","Maitland Street, New England Highway"
"Belford, Whittingham",New England Highway
"Belgravia, Orange",Mitchell Highway
"Bell, Blue Mountains National Park","Bells Line of Road, Darling Causeway"
"Bella Vista, Glenwood, Kellyville",Old Windsor Road
"Bellambi, Corrimal",Rothery Street
"Bellambi, East Corrimal",Cawley Street
"Bellambi, Russell Vale",Bellambi Lane
"Bellata, Edgeroi, Gurley, Moree, Narrabri","Gurley Street, Narrabri Road, Newell Highway, Railway Parade"
"Bellbird, Bellbird Heights, Cessnock",Wollombi Road
"Bellbird, Greta Main, Millfield, Pelton",Wollombi Road
"Bellbrook, Deep Creek, Hickeys Creek, Mungay Creek, Temagog, Willawarrin","Armidale Road, Main Street"
"Bellevue Hill, Bondi, Bondi Beach, Bondi Junction, Rose Bay, Vaucluse",Old South Head Road
"Bellimbopinni, Clybucca, Frederickton, Kempsey, Seven Oaks","Macleay Street, Macleay Valley Way, Pacific Highway, Remembrance Way, Smith Street"
"Bellingen, Fernmount, Raleigh","Hyde Street, Waterfall Way"
"Bellingen, Thora",Waterfall Way
Belmont,"Brooks Parade, Croudace Bay Road, Lewers Street, Macquarie Street, Ross Street"
"Belmont South, Blacksmiths, Little Pelican, Marks Point, Pelican",Pacific Highway
"Belrose, Ku-Ring-Gai Chase, St Ives, Terrey Hills","Mona Vale Road, Narabang Way"
"Belrose, Terrey Hills",Forest Way
"Bemboka, Coopers Gully, Morans Crossing, Numbugga, Stony Creek",Snowy Mountains Highway
"Bemboka, Steeple Flat","Loftus Street, Snowy Mountains Highway"
"Ben Bullen, Cullen Bullen",Castlereagh Highway
"Ben Lomond, Glen Innes, Glencoe, Llangothlin, Stonehenge",New England Highway
"Benandarah, East Lynne",Princes Highway
"Benandarah, North Batemans Bay, Surfside",Princes Highway
"Bendemeer, Kentucky, Uralla",New England Highway
"Bendemeer, Moonbi",New England Highway
"Bendemeer, Walcha, Walcha Road, Woolbrook",Oxley Highway
"Bendick Murrell, Cowra, Crowther, Koorawatha, Wattamondara, Young","Olympic Highway, Young Road"
Bennetts Green,Pacific Highway
"Bentley, Fernside, Tuncester","Bentley Road, Kyogle Road"
"Berambing, Bilpin",Bells Line of Road
"Berambing, Blue Mountains National Park, Mount Tomah",Bells Line of Road
Beresfield,Anderson Drive
"Beresfield, Black Hill",John Renshaw Drive
"Beresfield, Tarro, Thornton",New England Highway
"Bergalia, Coila, Turlinjah",Princes Highway
"Bergalia, Moruya","Campbell Street, Princes Highway, Vulcan Street"
Berkeley Vale,Lakedge Avenue
"Berkeley Vale, Fountaindale, Ourimbah","Chittaway Road, Enterprise Drive"
"Berkeley, Brownsville, Dapto, Kanahooka, Kembla Grange, Unanderra, Yallah","Five Islands Road, Princes Highway, Princes Motorway"
"Berkeley, Kembla Grange, Lake Heights",Northcliffe Drive
"Berkeley, Lake Heights, Warrawong",Flagstaff Road
"Berkeley, Unanderra",Nolan Street
"Berkshire Park, Cranebrook, Llandilo, Londonderry",The Northern Road
Berowra,Pacific Highway
"Berowra, Cowan",Pacific Highway
"Berremangra, Bookham, Coolac, Jugiong",Hume Highway
Berry,"Princes Highway, Queen Street"
"Berry Park, Chisholm, East Maitland, Millers Forest, Nelsons Plains, Thornton",Raymond Terrace Road
"Berry, Berry Mountain",Kangaroo Valley Road
"Berry, Gerroa","Crooked River Road, Gerroa Road"
"Bethungra, Illabo, Junee, Marinna, Wantiool","Baylis Street, Ironbong Street, Olympic Highway, Turland Street"
"Beverley Park, Blakehurst, Carlton, Carss Park, Kogarah Bay",Princes Highway
"Beverley Park, Kogarah, Ramsgate, Sans Souci",Rocky Point Road
"Beverly Hills, Earlwood, Kingsgrove, Roselands","Kingsgrove Road, Moorefields Road, William Street"
"Beverly Hills, Narwee, Padstow, Punchbowl, Riverwood","M5 East Freeway, South Western Motorway"
"Beverly Hills, Penshurst",King Georges Road
"Bexhill, Howards Grass, Lagoon Grass, Richmond Hill","Bangalow Road, Coleman Street"
Bexley,Stoney Creek Road
"Biddon, Coonabarabran, Gilgandra, Gowang, Tannabar, Tooraweenah, Wattle Springs",Newell Highway
"Bidwill, Blackett",Popondetta Road
"Bidwill, Hassall Grove, Lethbridge Park, Oakhurst, Shalvey",Luxford Road
"Billilingra, Bredbo, Bunyan, Chakola, Cooma",Monaro Highway
"Billinudgel, Brunswick Heads, Ocean Shores, Tyagarah","Pacific Highway, Pacific Motorway"
"Billinudgel, Ocean Shores, Wooyung, Yelgun",Pacific Motorway
"Billys Creek, Dundurrabin, Hernani, Tyringham",Armidale Road
"Bilpin, Kurrajong Heights",Bells Line of Road
"Bimbimbie, Broulee, Jeremadra, Mogo, Moruya, Runnyford","Princes Highway, Sydney Street"
Binalong,"Burley Griffin Way, Manning Street, Queen Street, Stephens Street"
"Binalong, Bowning",Burley Griffin Way
"Binalong, Cunningar, Galong, Harden","Albury Street, Burley Griffin Way"
"Biniguy, Gravesend, Moree, Warialda",Gwydir Highway
"Bishops Bridge, Farley, Sawyers Gully","Old Maitland Road, Wollombi Road"
"Black Head, Hallidays Point, Tallwoods Village",Blackhead Road
"Black Mountain, Guyra",New England Highway
Blackheath,Great Western Highway
"Blackheath, Blue Mountains National Park, Medlow Bath",Great Western Highway
"Blackmans Flat, Lidsdale, Marrangaroo, Springvale, Wallerawang",Castlereagh Highway
Blacktown,"Blacktown Road, Main Street"
"Blacktown, Kings Langley, Kings Park, Lalor Park, Seven Hills","Johnson Avenue, Vardys Road"
"Blacktown, Prospect",Great Western Highway
"Blacktown, Prospect, Seven Hills","Blacktown Road, Prospect Highway"
"Blackwall, Booker Bay, Daleys Point, Empire Bay, Ettalong Beach","Daley Avenue, Empire Bay Drive, Maitland Bay Drive"
"Blakehurst, South Hurstville",King Georges Road
"Blaxland, Emu Heights, Emu Plains","Old Bathurst Road, Wilson Way"
"Blaxland, Glenbrook, Warrimoo",Great Western Highway
"Blaxlands Ridge, Colo, East Kurrajong",Putty Road
Blayney,"Adelaide Street, Martha Street, Mid Western Highway"
"Blayney, Millthorpe","Church Street, Millthorpe Road, Orange Road"
"Bligh Park, South Windsor",George Street
"Bligh Park, South Windsor",Rifle Range Road
"Blue Haven, Charmhaven, Doyalson, San Remo","Motorway Link, Pacific Highway"
"Blue Knob, Mount Burrell","Kyogle Road, Nimbin Road, Blue Knob Road"
"Blue Knob, Nimbin","Blue Knob Road, Cullen Street"
Blue Mountains National Park,Bells Line of Road
"Blue Vale, Boggabri, Emerald Hill, Gunnedah","Conadilly Street, Grantham Street, Kamilaroi Highway, Wee Waa Street"
"Boambee, Boambee East, Bonville, Coffs Harbour, North Boambee Valley","Grafton Street, Mastracolas Road, Pacific Highway, Woolgoolga Road"
Bodalla,Princes Highway
"Bodalla, Turlinjah, Tuross Head",Princes Highway
"Bogan Gate, Condobolin, Derriwong, Ootha, Yarrabandai","Denison Street, Henry Parkes Way, Station Street"
"Bogan Gate, Cooks Myalls, Gunningbland, Parkes","Station Street, Henry Parkes Way, West Lime Road, Hartigan Avenue"
"Bogangar, Cabarita Beach","Tweed Coast Road, Tweed Coast Way"
"Bogangar, Cabarita Beach, Hastings Point, Pottsville","Tweed Coast Road, Tweed Coast Way"
"Bogangar, Casuarina, Chinderah, Cudgen, Kings Forest, Kingscliff","Tweed Coast Road, Tweed Coast Way"
"Boggabilla, Moree, Tulloona","Merriwa Street, Newell Highway, North Street"
"Bohena Creek, Coonabarabran, Dandry, Jacks Creek, Narrabri, The Pilliga","Chappell Avenue, Newell Highway"
"Bohena Creek, Narrabri","Barwan Street, Cooma Road, Dangar Street, Killarney Street, Newell Highway, Tibbereena Street"
"Bolivia, Deepwater, Sandy Flat, Tenterfield","New England Highway, Rouse Street, Tenterfield Street"
"Bolwarra Heights, Elderslie, Hillsborough, Lambs Valley, Maitland Vale, Melville, Rosebrook, Stanhope","Luskintyre Road, Maitland Vale Road, Stanhope Road"
"Bolwarra, Bolwarra Heights, Woodville",Paterson Road
"Bom Bom, Braunstone, Lanitza",Orara Way
Bomaderry,Coomea Street
Bomaderry,Princes Highway
"Bomaderry, Cambewarra",Moss Vale Road
"Bomaderry, North Nowra",Illaroo Road
"Bombira, Buckaroo, Eurunderee, Milroy, Mudgee, Putta Bucca","Douro Street, Short Street, Ulan Road"
"Bombo, Kiama Downs",Riverside Drive
"Bomen, Brucedale, Downside, Old Junee, Wallacetown, Yathella",Olympic Highway
"Bondi Junction, Kingsford, Maroubra, Queens Park, Randwick, Waverley","Avoca Street, Carrington Road, Council Street, Frenchmans Road"
"Bondi, Bondi Junction, Bronte, Queens Park, Waverley",Birrell Street
"Bonnells Bay, Brightwaters, Morisset",Fishery Point Road
"Bonnells Bay, Morisset",Station Street
"Bonny Hills, Grants Beach, Lake Cathie, Lake Innes, North Haven, Port Macquarie",Ocean Drive
"Bonny Hills, Jolly Nose, Lake Cathie, Lake Innes",Houston Mitchell Drive
"Bonville, Bundagen, Raleigh, Repton, Valery",Pacific Highway
"Bonville, Sawtell, Toormina",Lyons Road
"Bookham, Bowning",Hume Highway
"Boolambayte, Bulahdelah, Mayers Flat",The Lakes Way
"Boorook, Drake, Drake Village, Sandy Hill, Tabulam","Bruxner Highway, Fairfield Street"
"Boorook, Sandy Hill",Bruxner Highway
"Boorowa, Bowning, Kangiara",Lachlan Valley Way
"Boorowa, Godfreys Creek","Lachlan Valley Way, Marsden Street, Murringo Road"
"Booti Booti, Bungwahl, Charlotte Bay, Elizabeth Beach, Forster, Mayers Flat, Smiths Lake, Tarbuck Bay, Tiona",The Lakes Way
"Boree, Borenore, Molong, Orange","Forbes Road, The Escort Way"
"Boree, Manildra, Molong, Parkes","Clarinda Street, Grenfell Street, Henry Parkes Way, Kiewa Street, Orange Road, Short Street"
"Bossley Park, Prairiewood","Prairie Vale Road, Restwell Road"
"Bourkelands, Glenfield Park, Lloyd, Tatton",Red Hill Road
"Bourkelands, Mount Austin, Tolland, Turvey Park",Bourke Street
"Bowenfels, Lithgow, Littleton, South Bowenfels, South Littleton",Great Western Highway
"Bowenfels, Marrangaroo",Great Western Highway
Bowning,Hume Highway
Bowral,Derby Street
Bowral,Kirkham Road
Bowral,Oxleys Hill Road
"Bowral, Burradoo",Kangaloon Road
"Bowral, Burradoo, Mittagong","Bong Bong Street, Bowral Road, Mittagong Road, Moss Vale Road"
"Box Hill, Riverstone, Rouse Hill",Windsor Road
"Boxers Creek, Brisbane Grove, Goulburn, Towrang","Hume Highway, Sydney Road"
"Boxers Creek, Carrick, Marulan",Hume Highway
"Bradbury, Campbelltown",Moore Oxley Bypass
"Braefield, Quirindi, Willow Tree","Kamilaroi Highway, Lennox Street, Loder Street"
Braidwood,"Kings Highway, Lascelles Street, Solus Street, Wallace Street"
"Braidwood, Monga, Northangera",Kings Highway
"Brandy Hill, Clarence Town, Glen Oak, Nelsons Plains, Seaham","Clarence Town Road, Dixon Street, Seaham Road, Warren Street"
"Branxton, Greta","High Street, New England Highway, Park Street"
"Branxton, North Rothbury","Bridge Street, Clift Street, Wine Country Drive"
"Bray Park, Byangum, Dum Dum, Murwillumbah",Kyogle Road
"Bredbo, Colinton",Monaro Highway
"Breeza, Curlewis, Quipolly, Quirindi, Werris Creek",Kamilaroi Highway
"Brewongle, Kelso, O'Connell, White Rock","Littlebourne Street, O'Connell Road"
"Brighton-Le-Sands, Monterey",The Grand Parade
"Brighton-Le-Sands, Rockdale",Bay Street
"Bringelly, Greendale, Luddenham",The Northern Road
"Bringelly, Oran Park",The Northern Road
"Brisbane Grove, Goulburn","Braidwood Road, Clinton Street, Sloane Street"
"Broadmeadow, Hamilton North, Lambton, Waratah",Griffiths Road
"Broadmeadow, Lambton, New Lambton, Waratah",Turton Road
"Broadmeadow, New Lambton",Lambton Road
"Broadwater, East Wardell, Wardell",Blackwall Drive (formerly Pacific Highway)
"Broadwater, Eden, Greigs Flat",Princes Highway
"Brocklehurst, Dubbo","Bourke Street, Newell Highway"
Brogo,Princes Highway
"Brogo, Cobargo, Quaama",Princes Highway
"Broken Head, Byron Bay, Suffolk Park",Broken Head Road
"Broken Head, Lennox Head","Broken Head Road, Byron Bay Road"
"Broken Head, Newrybar","Broken Head Road, Midgen Flat Road"
"Bronte, Clovelly, Coogee, South Coogee, Waverley",Arden Street
"Brookdale, Bulgary, Collingullie, Galore, Moorong, San Isidore, Sandigo, Yarragundry",Sturt Highway
"Brookfield, Clarence Town","Clarence Town Road, Rifle Street"
"Brookfield, Wirragulla",Clarence Town Road
"Brookvale, Dee Why",Pittwater Road
"Broughton Village, Gerringong, Toolijooa, Willow Vale",Princes Highway
"Brownsville, Dapto, Kanahooka",Kanahooka Road
"Brundee, Pyree, Worrigee",Greenwell Point Road
"Buckenbowra, Currowan",Kings Highway
"Buckenbowra, Monga",Kings Highway
"Buckendoon, East Coraki, North Woodburn, Woodburn","Buckendoon School Lane, Forest Road, Wyrallah Road"
"Budgewoi, Budgewoi Peninsula, Freemans, Lake Munmorah","Elizabeth Bay Drive, Mimosa Road, Ourringo Street"
"Budgewoi, Buff Point, Colongra, San Remo","Budgewoi Road, Scenic Drive"
"Bulahdelah, Nerong","Booral Road, Bulahdelah Way, Pacific Highway"
"Bulga, Glenridding, Mount Thorley",Putty Road
"Bullaburra, Lawson, Wentworth Falls",Great Western Highway
"Bullarah, Collarenebri, Moree","Greenbah Road, Gwydir Highway, Wilson Street"
"Bulli, Russell Vale, Woonona",Princes Highway
"Bulli, Thirroul",Princes Highway
"Bumbaldry, Cowra, Grenfell","Camp Street, Cowra Road, Grenfell Road, Mid Western Highway"
"Bundarra, Gilgai, Howell, Inverell, Stanborough, Tingha","Bendemeer Street, Thunderbolts Way, Bundarra Road, Tingha Road"
"Bungawalbin, Codrington, Coraki, Swan Bay, Woodburn","Casino-Coraki Road, Queen Elizabeth Drive, Woodburn-Coraki Road"
Bungendore,"Kings Highway, Malbon Street, Molonglo Street"
"Bungendore, Lake George, Mount Fairy, Tarago","Bungendore Road, Goulburn Street, Molonglo Street, Tarago Road, Wallace Street"
"Burnt Bridge, Dondingalong, South Kempsey","Gowings Hill Road, Middleton Street"
"Buronga, Coomealla, Curlwaa, Dareton, Mourquong, Wentworth","Silver City Highway, Tapio Street, Wentworth Street"
"Buronga, Gol Gol, Mallee, Monak, Paringi, Trentham Cliffs","Adelaide Street, Hendy Road, Sturt Highway"
"Burradoo, Moss Vale","Argyle Street, Moss Vale Road"
"Burrill Lake, Ulladulla",Princes Highway
"Burrill Lake, Woodburn",Princes Highway
"Burrumbuttock, Jindera, Walbundrie",Urana Road
"Burrundulla, Mudgee","Castlereagh Highway, Douro Street, Horatio Street, Market Street, Sydney Road"
Burwood,Burwood Road
"Bushells Ridge, Jilliby, Kiar, Wallarah",Motorway Link
Byron Bay,Bangalow Road
"Bywong, Lake George",Federal Highway
"Bywong, Sutton",Federal Highway
Cabramatta,Cabramatta Road
"Cabramatta West, Mount Pritchard",Cabramatta Road
"Calala, Hillvue, Kingswood, South Tamworth, Timbumburi","Goonoo Goonoo Road, New England Highway"
"Calala, Hillvue, South Tamworth",Calala Lane
"Calga, Peats Ridge",Peats Ridge Road
"Callaghan, Waratah West","Lorna Street, Queen Street, University Drive"
"Callala Bay, Comberton, Wollumboola",Forest Road
"Cambridge Gardens, Cambridge Park, Penrith",Richmond Road
"Cambridge Gardens, Cranebrook, Jordan Springs, Llandilo",The Northern Road
"Camden, Elderslie, Kirkham, Narellan","Argyle Street, Camden Valley Way"
"Cameron Park, Edgeworth",Minmi Road
"Cameron Park, Edgeworth, Holmesville, West Wallsend","George Booth Drive, Main Road"
"Cammeray, Castlecrag, Northbridge, Willoughby","Eastern Valley Way, Miller Street, Sailors Bay Road, Strathallen Avenue"
"Cammeray, Crows Nest, Neutral Bay, North Sydney",Falcon Street
"Campbelltown, Gilead, Glen Alpine, Menangle Park","Kellicar Road, Menangle Road, Tindall Street"
"Campbelltown, Leumeah, Minto, St Andrews, Woodbine",Campbelltown Road
"Campvale, Ferodale, Raymond Terrace, Salt Ash",Richardson Road
"Campvale, Medowie",Medowie Road
"Campvale, Williamtown",Medowie Road
"Canada Bay, Concord, Concord West","Crane Street, Hospital Road, Lyons Road, Majors Bay Road, Norman Street, Nullawarra Avenue"
"Canoelands, Forest Glen, Glenorie",Old Northern Road
"Canoelands, Maroota",Old Northern Road
Canowindra,"Lockwood Road, Rodd Street, Ferguson Street, Tilga Street, Lynn Street, Canowindra Road"
"Canowindra, Cargo",Cargo Road
"Canterbury, Hurlstone Park",Canterbury Road
"Captains Flat, Carwoola, Primrose Valley",Captains Flat Road
"Cardiff, Cardiff Heights, New Lambton Heights","Cardiff Road, Main Road"
"Cardiff, Garden Suburb",Myall Road
"Cardiff, Macquarie Hills",Macquarie Road
Caringbah,President Avenue
"Caringbah, Caringbah South, Woolooware",Kingsway
"Caringbah, Kurnell, Woolooware",Captain Cook Drive
Carlingford,Marsden Road
"Carlingford, Epping",Carlingford Road
"Carlingford, North Parramatta",Pennant Hills Road
"Carrathool, Darlington Point, Hay South","Moama Street, Sturt Highway"
"Carrs Creek, Grafton, Junction Hill","Casino Road, Summerland Way, Turf Street"
"Cartwright, Hinchinbrook, Hoxton Park, Miller, Prestons",Hoxton Park Road
"Cartwright, Liverpool, Lurnea, Prestons",Hoxton Park Road
Carwoola,Captains Flat Road
"Casino, Clovass, Irvington, McKees Hill, South Gundurimba, Tomki","Bruxner Highway, Centre Street, Hare Street, Johnston Street"
"Casino, Codrington, Greenridge, Tatham",Casino-Coraki Road
"Casino, Naughtons Gap, North Casino, Spring Grove",Naughtons Gap Road
"Casino, Piora, Woodview",Bruxner Highway
Castle Hill,Showground Road
"Castle Hill, Cherrybrook, Dural",New Line Road
"Castle Hill, Dural, Glenhaven",Old Northern Road
"Castle Hill, Glenhaven",Gilbert Road
"Castlereagh, Cranebrook, Penrith",Castlereagh Road
Casula,Hume Highway
"Casula, Liverpool",Hume Highway
Cataract,Mount Ousley Road
"Cataract, Cordeaux",Picton Road
"Cataract, Darkes Forest, Maddens Plains",Princes Motorway
"Catherine Field, Leppington",Camden Valley Way
"Cattai, Maraylya, Pitt Town","Cattai Road, Wisemans Ferry Road"
"Cattai, South Maroota",Wisemans Ferry Road
"Cawdor, Menangle, Razorback",Remembrance Driveway
"Cawongla, Fawcetts Plain, Kyogle, Lillian Rock, Little Back Creek, Mount Burrell, Wadeville",Kyogle Road
"Cecil Park, Horsley Park",Wallgrove Road
"Cedar Point, Kyogle",Summerland Way
"Centennial Park, Paddington, Woollahra",Oxford Street
"Central Tilba, Corunna, Narooma","Princes Highway, Wagonga Street"
"Central Tilba, Dignams Creek, Tilba Tilba",Princes Highway
Cessnock,Maitland Road
Cessnock,Old Maitland Road
Cessnock,Wollombi Road
"Cessnock, Nulkaba","Allandale Road, Wine Country Drive"
Charlestown,Dudley Road
"Charlestown, Hillsborough, Warners Bay",Hillsborough Road
"Charmhaven, Hamlyn Terrace, Kanwal, Lake Haven, Woongarrah",Pacific Highway
Chatswood,Victoria Avenue
"Chatswood, Chatswood West","Fullers Road, Millwood Avenue"
"Chatswood, Roseville",Archer Street
"Chatswood, Roseville",Penshurst Street
"Chatsworth, Harwood, James Creek, Maclean",Pacific Highway
"Chester Hill, Fairfield East, Villawood","Christina Road, River Avenue"
"Chilcotts Grass, Goonellabah, Rous, Tregeagle","Dalwood Road, Rous Road"
"Chillingham, Crystal Creek, Kynnumboon, Nobbys Creek, North Arm",Numinbah Road
Chinderah,Chinderah Bay Drive
"Chinderah, Cudgen, Stotts Creek",Pacific Highway
"Chipping Norton, Milperra, Moorebank",Newbridge Road
"Chipping Norton, Moorebank",Newbridge Road
"Chullora, Greenacre",M31 Hume Motorway
"Claremont Meadows, Kingswood, St Marys, Werrington",Great Western Highway
"Clarence, Corney Town, Hartley, Vale of Clwydd",Chifley Road
"Clarenza, Swan Creek, Ulmarra",Big River Way
"Clothiers Creek, Cudgera Creek, Round Mountain, Tanglewood",M1 Pacific Motorway
"Clothiers Creek, Duranbah, Eviron, Stotts Creek",M1 Pacific Motorway
"Clunes, Eureka, Nashua",Lismore Road
"Clybucca, Jerseyville, Rainbow Reach, South West Rocks","Gregory Street, Plummers Lane, South West Rocks Road"
"Clydesdale, Fern Gully, Mitchells Flat, Redbournberry, Sedgefield","Gresford Road, Queen Street"
"Cobbitty, Harrington Park, Narellan",The Northern Road
"Coffee Camp, Nimbin",Nimbin Road
Coffs Harbour,"Coramba Road, West High Street"
"Coffs Harbour, Toormina",Hogbin Drive
Collaroy,Pittwater Road
"Collector, Currawang, Wollogorang",Federal Highway
"Collector, Lake George",Federal Highway
"Colo Heights, Mellong, Putty",Putty Road
"Colo Vale, Hill Top","Church Avenue, Wilson Drive"
"Colo, Colo Heights",Putty Road
"Colongra, Doyalson, Wyee","Scenic Drive, Wyee Road"
"Colyton, Eastern Creek, Minchinbury, Mount Druitt, Oxley Park, Rooty Hill",Great Western Highway
"Colyton, Oxley Park, St Marys",Great Western Highway
"Comberton, Falls Creek, Nowra Hill",Princes Highway
Concord,Brays Road
Concord,Gipps Street
"Concord West, Rhodes",Concord Road
"Condong, Eviron, South Murwillumbah",Tweed Valley Way
"Congarinni, Eungai Creek",Pacific Highway
"Coniston, Mount Saint Thomas, Wollongong",Gladstone Avenue
"Coniston, Port Kembla, Spring Hill, Wollongong",Springhill Road
"Conjola, Mondayong, Twelve Mile Peg",Princes Highway
"Constitution Hill, Northmead, Old Toongabbie",Old Windsor Road
"Coolangatta, Shoalhaven Heads",Shoalhaven Heads Road
Coolongolook,Pacific Highway
"Coolringdon, Cooma, Dairymans Plains, Pine Valley, Rhine Falls, Wambrook","Sharp Street, Snowy Mountains Highway"
Cooma,"Bombala Street, Monaro Highway, Sharp Street"
Cooma,Sharp Street
"Cooma, Middle Flat, Rock Flat",Monaro Highway
Coonabarabran,"Chappell Avenue, John Street, Newell Highway"
"Coonamble, Walgett, Wingadee","Aberford Street, Castlereagh Highway, Caswell Street, Fox Street"
"Cooperabung, Kundabung",Pacific Highway
"Cooperabung, Telegraph Point","Pacific Highway, Telegraph Point Road"
"Coopernook, Cundletown, Dumaresq Island, Ghinni Ghinni, Johns River, Jones Island, Moorland",Pacific Highway
Cooranbong,Freemans Drive
"Cooranbong, Morisset",Freemans Drive
Cootamundra,Adams Street
Cootamundra,Hovell Street
Cootamundra,Mackay Street
Cootamundra,Thompson Street
"Cootamundra, Wallendbeen",Burley Griffin Way
"Cootamundra, Wallendbeen",Olympic Highway
"Cope, Gulgong, Stubbo, Ulan","Cope Road, Mackay Street, Robison Street"
"Coramba, Glenreagh, Karangi, Kremnos, Lanitza, Nana Glen","Coramba Road, Coramba Street, Gale Street, Nana Street, Orara Way"
"Cordeaux Heights, Figtree, Kembla Heights, Mount Kembla, Unanderra",Cordeaux Road
"Cordeaux Heights, Figtree, Unanderra",Central Road
"Corindi Beach, Dirty Creek","Pacific Highway, Solitary Islands Way"
Corowa,"Bow Street, Redlands Road"
"Corrimal, Fairy Meadow, Fernhill, Russell Vale, Towradgi",Princes Highway
"Corrimal, Fairy Meadow, Fernhill, Tarrawanna",Meadow Street
"Cowper, Ulmarra",Big River Way
Cowra,"Canowindra Road, Redfern Street"
Cowra,"Grenfell Road, Kendal Street"
Cowra,"Kendal Street, Lynch Street, Mid Western Highway"
"Cowra, Forbes, Gooloogong, Paytens Bridge","Bridge Street, Camp Street, Flint Street, Lachlan Valley Way, Main Street, Reymond Street"
"Cowra, Godfreys Creek, Koorawatha, Mount Collins",Lachlan Valley Way
"Crabbes Creek, Mooball, Sleepy Hollow, Wooyung",M1 Pacific Motorway
"Crackenback, Kosciuszko National Park",Alpine Way
"Cranebrook, Llandilo",The Northern Road
"Crangan Bay, Frazer Park, Freemans, Lake Munmorah, Moonee, Wybung",Pacific Highway
"Crescent Head, South Kempsey","Angus McNeil Crescent, Crescent Head Road"
"Crestwood, Queanbeyan",Morton Street
"Crestwood, Queanbeyan",Ross Road
"Cringila, Spring Hill, Unanderra",Five Islands Road
"Cronulla, Woolooware",Kingsway
"Croom, Curramore, Jamberoo",Jamberoo Road
"Crosslands, Wauchope, Yippin Creek",Beechwood Road
Croydon Park,Georges River Road
Croydon Park,Georges River Road
"Cudgel, Leeton, Narrandera, Yanco","Irrigation Way, Main Avenue"
"Cudgera Creek, Sleepy Hollow",Pacific Motorway
Culcairn,"Olympic Highway, Railway Parade"
"Culcairn, Henty","Balfour Street, Melville Street, Olympic Highway, Railway Parade"
"Cumnock, Molong, Yeoval, Yullundry","Banjo Paterson Way, Obley Street, Castle Street"
"Cundletown, Taree","Main Street, Manning River Drive, Princes Street"
"Curlewis, Gunnedah",Kamilaroi Highway
"Currabubula, Duri, Hillvue, Warral","Duri Road, Werris Creek Road"
"Curraweela, Gurnang, Paling Yards, Porters Retreat","Abercrombie Road, Taralga Road"
"Dairy Flat, Lindesay Creek, Sherwood, Unumgar, Woodenbong","Mount Lindesay Road, Summerland Way"
Dalmeny,Princes Highway
"Dalwood, Meerschaum Vale, Wardell","Bath Street, Carlisle Street, Wardell Road"
Dapto,Marshall Street
Dapto,Princes Highway
"Dapto, Horsley",Bong Bong Road
"Dapto, Koonawarra",Fowlers Road
"Darawank, Hallidays Point, Rainbow Flat",The Lakes Way
"Darkes Forest, Helenburgh, Maddens Plains, Woronora Dam",Princes Highway
"Darkes Forest, Helensburgh, Maddens Plains, Stanwell Tops, Waterfall, Woronora Dam",Princes Motorway
"Darlington Point, Hanwood, Willbriggie","Bridge Street, Carrington Street, Kidman Way, Narrand Street, Uri Street"
"Darlington, Dunolly, Gowrie, McDougalls Hill, Rixs Creek, Singleton Heights",New England Highway
"Deep Creek, Mooneba, Skillion Flat",Armidale Road
Deepwater,New England Highway
"Deepwater, Dundee, Glen Innes, Yarrowford","Church Street, New England Highway"
"Deer Vale, Fernbrook, Hernani",Waterfall Way
"Delungra, Inverell, Little Plain, Rob Roy","Gwydir Highway, Inverell Street"
"Delungra, Warialda","Gwydir Highway, Geddes Street, Inverell Road"
"Denhams Beach, Sunshine Bay, Surf Beach",Beach Road
"Denistone, Denistone East, Ryde","Blaxland Road, Devlin Street"
Denman,"Crinoline Street, Denman Road, Merriwa Road, Golden Highway, Palace Street"
"Denman, Hollydeen, Sandy Hollow",Golden Highway
"Denman, Muswellbrook",Denman Road
"Doctors Gap, Hartley, Vale of Clwydd",Hartley Valley Road
"Donnellyville, Macksville, Warrell Creek, Way Way",Giinagay Way
"Doonbah, Evans Head, Woodburn","Alfred Street, Wagner Street, Woodburn-Evans Head Road"
Doonside,Knox Road
"Douglas Park, Menangle",Menangle Road
"Doyalson North, Mannering Park",Ruttleys Road
"Doyalson, Doyalson North, Lake Munmorah",Pacific Highway
Drummoyne,Lyons Road
"Drummoyne, Five Dock, Russell Lea",Lyons Road
Dubbo,"Birch Avenue, Wingewarra Street"
Dubbo,Brisbane Street
Dubbo,"Cobbora Road, Dunedoo Road"
Dubbo,"Cobra Street, Mitchell Highway, Narromine Road, Victoria Street"
Dubbo,"Erskine Street, Newell Highway, Peak Hill Road, Whylandra Street"
Dubbo,Macquarie Street
"Dubbo, Obley, Toongi, Wambangalang, Yeoval",Obley Road
"Dubbo, Peak Hill, Tomingley","Caswell Street, Myall Street, Newell Highway, Peak Hill Road"
"Duckmaloi, Hampton, Oberon","Oberon Street, Duckmaloi Road"
"Dundas, Oatlands, Parramatta",Kissing Point Road
"Dundas, Rydalmere","Kirby Street, Patterson Street"
Dunedoo,"Golden Highway, Wilga Street"
"Dunedoo, Mendooran, Merrygoen","Bandulla Street, Castlereagh Highway"
"Dungay, Kynnumboon, Murwillumbah","Tomewin Road, Queensland Road"
"Dungowan, Piallamore",Nundle Road
"Dunkeld, The Rocks",Mitchell Highway
"Dunmore, Jamberoo, Kiama, Kiama Downs",Princes Highway
"Dunmore, Minnamurra",Riverside Drive
"Dunolly, Singleton, Whittingham","George Street, Maitland Road, New England Highway"
"Dural, Glenorie, Middle Dural",Old Northern Road
Earlwood,Homer Street
"Earlwood, Marrickville",Illawarra Road
"East Albury, North Albury, South Albury",Hume Highway
"East Coraki, Tucki Tucki, Tuckurimba",Wyrallah Road
"East Gosford, Erina","George Street, The Entrance Road, Victoria Street"
"East Gosford, Springfield",Wells Street
"East Hills, Milperra, Panania",Henry Lawson Drive
"East Jindabyne, Jindabyne",Kosciuszko Road
"East Kempsey, Kempsey, Kundabung, South Kempsey","Belgrave Street, Lachlan Street, Lord Street, Macleay Valley Way, Pacific Highway"
"East Killara, East Lindfield, Killara, Lindfield, Roseville","Archbold Road, Eastern Arterial Road"
"East Kurrajong, Wilberforce",Putty Road
"East Lismore, Girards Hill, Goonellabah, Lindendale, Lismore, Richmond Hill, South Lismore, Wollongbar","Alstonville Bypass, Ballina Road, Bruxner Highway, Elliott Road, Lismore Road"
"East Lismore, Girards Hill, Monaltrie, Wyrallah","Emily Street, Wyrallah Road"
East Maitland,"Lindesay Street, Raymond Terrace Road"
"East Maitland, Morpeth, Tenambit",Metford Road
"East Ryde, Gladesville, Hunters Hill, North Ryde",Pittwater Road
"East Tamworth, Nemingha","Armidale Road, New England Highway"
"East Tamworth, Tamworth",Armidale Road
"East Wagga Wagga, Kooringal, Lake Albert",Kooringal Road
"East Wagga Wagga, Kooringal, Lake Albert, Turvey Park",Lake Albert Road
"Eastern Creek, Horsley Park",Ferrers Road
"Eastgardens, Maroubra, Pagewood",Bunnerong Road
"Eastlakes, Mascot, Rosebery","King Street, Maloney Street"
Eastwood,"Brush Road, First Avenue, Lawson Street, Rutledge Street"
"Ebor, Hillgrove, Wollomombi",Waterfall Way
"Ebor, Wongwibinda",Guyra Road
Eden,"Boyd Street, Imlay Street, Mitchell Street, Princes Highway"
Eden,"Imlay Street, Princes Highway"
"Edensor Park, Greenfield Park",Edensor Road
"Edgeworth, Glendale",Main Road
"Edith, Gingkin, Oberon","Carrington Avenue, Edith Road, Oberon Street, O'Connell Road, Ross Street"
"Edmondson Park, Horningsea Park, Leppington","Camden Valley Way, Cowpasture Road"
Elermore Vale,Croudace Road
"Elermore Vale, Glendale, Wallsend",Jubilee Road
"Elermore Vale, Glendale, Wallsend",Lake Road
"Elrington, Kearsley, Mulbring",Lake Road
"Elsmore, Glen Innes, Inverell, Long Plain, Matheson, Swan Vale","Ferguson Street, Gwydir Highway"
Emu Plains,Great Western Highway
"Emu Plains, Glenbrook, Leonay","Great Western Highway, Western Motorway"
"Engadine, Heathcote",Heathcote Road
"Enmore, Marrickville","Enmore Road, Marrickville Road, Victoria Road"
"Erina, Erina Heights, Forresters Beach, Holgate, Wamberal",The Entrance Road
"Ermington, Melrose Park, Ryde, West Ryde",Victoria Road
"Ermington, West Ryde",Marsden Road
"Erskine Park, Kemps Creek, Mount Vernon, Orchard Hills",Mamre Road
"Erskine Park, St Clair",Erskine Park Road
"Ettalong Beach, Umina Beach","Barrenjoey Road, Hobart Avenue, Mount Ettalong Road, Sydney Avenue, West Street"
"Eugowra, Forbes","Bridge Street, Broad Street, The Escort Way"
"Eungella, Murwillumbah, Tyalgum",Tyalgum Road
"Evans Plains, Robin Hill",Mid Western Highway
"Failford, Glenthorne, Kiwarrak, Koorainghat, Nabiac, Possum Brush, Rainbow Flat",Pacific Highway
"Fairfield East, Villawood",Tangerine Street
"Fairfield West, Prairiewood, Wakeley",Smithfield Road
"Fairfield, Fairfield Heights, Fairfield West",Hamilton Road
Fairy Meadow,Princes Highway
"Fairy Meadow, Mount Pleasant",Cabbage Tree Lane
"Fairy Meadow, North Wollongong","Kembla Street, George Hanley Drive, Squires Way"
"Falls Creek, Huskisson, Woollamia",Jervis Bay Road
"Farley, Rutherford",Wollombi Road
"Faulconbridge, Linden, Woodford",Great Western Highway
"Faulconbridge, Springwood",Great Western Highway
Fern Bay,Nelson Bay Road
"Fern Bay, Fullerton Cove, Williamtown",Nelson Bay Road
"Fernbank Creek, Port Macquarie",Hastings River Drive
"Fernvale, South Murwillumbah",Tweed Valley Way
"Ferodale, Medowie",Medowie Road
Figtree,O'Briens Road
"Figtree, Mangerton, Mount Saint Thomas, Spring Hill, West Wollongong",Princes Motorway
"Figtree, Unanderra, West Wollongong",Princes Highway
"Finley, Jerilderie, Mairjimmy","Murray Street, Newell Highway, Southey Street"
"Fletcher, Maryland, Wallsend",Minmi Road
Forbes,Calarie Road
Forbes,"Dowling Street, Newell Highway, Parkes Road, Sherriff Street"
Forbes,"Newell Highway, Parkes Road"
Forbes,"Red Bend Road, Wirrinya Road"
Forbes,The Bogan Way
"Forestville, Frenchs Forest, Killarney Heights, Middle Harbour, Roseville, Roseville Chase","Babbage Road, Forest Way, Warringah Road"
Forster,"Head Street, Macintosh Street, The Lakes Way"
Forster,The Lakes Way
"Freemans Reach, Glossodia, North Richmond","Spinks Road, Wire Lane"
Freemans Waterhole,Cessnock Road
"Frenchs Forest, Killarney Heights, Seaforth","Clontarf Street, Wakehurst Parkway"
"Frenchs Forest, Oxford Falls",Wakehurst Parkway
"Galambine, Goolma, Gulgong, Guntawang, Mebul, Two Mile Flat","Goolma Road, Guntawang Road"
"Galambine, Gulgong",Castlereagh Highway
"Garland Valley, Howes Valley, Milbrodale, Putty",Putty Road
"Garoo, Goonoo Goonoo, Gowrie, Timbumburi",New England Highway
"Garoo, Gowrie, Wallabadah, Willow Tree","Coach Street, New England Highway"
"Georges Hall, Lansdowne",Henry Lawson Drive
"Georges Plains, Orton Park, Perthville",Trunkey Road
"Geurie, Wongarbon","Buckenbah Street, Mitchell Highway, Wellington Road"
"Gilgai, Tingha",Guyra Road
Gilgandra,"Castlereagh Street, Newell Highway"
Gilgandra,Newell Highway
"Gillenbah, Sandigo",Sturt Highway
"Gillieston Heights, Maitland","Cessnock Road, Church Street"
"Gilmore, Tumut",Snowy Mountains Highway
"Gilmore, Windowie, Wondalga",Batlow Road
"Girraween, Greystanes, Pendle Hill",Great Western Highway
"Girraween, Pendle Hill",Gilba Road
Gladesville,Victoria Road
"Gladesville, Putney, Tennyson Point","Morrison Road, Parry Street"
"Gladesville, Ryde",Buffalo Road
Glenbrook,Great Western Highway
"Glenbrook, Lapstone",Explorers Road
"Glenellen, Jindera, Walla Walla","Lookout Road, Pioneer Drive, Commercial Street, Walla Walla Jindera Road"
Glenmore Park,Glenmore Parkway
"Glenmore Park, Orchard Hills, South Penrith",The Northern Road
"Glenmore, Mount Hunter, The Oaks","Burragorang Road, Mary Street"
Glenorie,Old Northern Road
"Glenroy, Lavington, North Albury",Union Road
"Glenugie, Sandy Crossing",Eight Mile Lane
"Gocup, Minjary, South Gundagai, Tumut","Cross Street, Eagle Street, Gocup Road, Minjary Street, Mount Street"
"Gogeldrie, Leeton, Stanbridge, Whitton",Irrigation Way
"Good Forest, Hartley, Lowther",Jenolan Caves Road
"Googong, Karabar, Queanbeyan","Cooma Street, Lowe Street, Old Cooma Road"
"Gordon, Killara, Lindfield","Lindfield Avenue, Werona Avenue"
"Gordon, Pymble",Pacific Highway
Gorokan,"Main Road, Wallarah Road"
"Gosford, West Gosford",Racecourse Road
Goulburn,"Bungonia Road, Memorial Road"
Goulburn,Coromandel Street
Goulburn,"Crookwell Road, Fitzroy Street, Goldsmith Street"
Goulburn,Faithful Street
Goulburn,Hume Street
Goulburn,Kinghorne Street
Goulburn,Lagoon Street
Goulburn,Taralga Road
Goulburn,Verner Street
Grafton,Turf Street
"Grafton, South Grafton","Bent Street, Craig Street"
Granville,"Clyde Street, Memorial Drive"
"Granville, Merrylands",Louis Street
"Granville, South Granville",Blaxcell Street
"Green Point, Kincumber, Yattalunga",Avoca Drive
Greenacre,"Boronia Road, Juno Parade"
"Greenacre, Punchbowl","Roberts Road, Wiley Avenue"
"Greenacre, Punchbowl",Waterloo Road
"Greenacre, Strathfield, Strathfield South","Hume Highway, Liverpool Road"
"Greenacre, Strathfield, Strathfield South","Roberts Road, Centenary Drive"
"Greenhill, West Kempsey, Yarravel","Armidale Road, River Street"
"Greigs Flat, Pambula, South Pambula","Bullara Street, Monara Street, Princes Highway"
"Grevillia, Old Grevillia, Sherwood",Summerland Way
Greystanes,Merrylands Road
"Greystanes, Pendle Hill, Wentworthville",Great Western Highway
"Greystanes, Prospect, Toongabbie",Great Western Highway
"Griffith, Hanwood","Jondaryan Avenue, Kidman Way"
"Griffith, Hanwood",Old Willbriggie Road
"Guerilla Bay, Malua Bay, Rosedale, Tomakin",George Bass Drive
"Guildford West, Merrylands, Merrylands West, South Wentworthville, Woodpark","Centenary Road, Sherwood Road, Woodpark Road"
"Guildford, Merrylands",Excelsior Street
"Guildford, Merrylands, Old Guildford, Yennora","Railway Street, Railway Terrace"
"Gundaroo, Sutton","Bywong Street, Camp Street, Cork Street, Gundaroo Road, Sutton Road, Victoria Street"
Gungal,Golden Highway
Gunnedah,Conadilly Street
"Gunnedah, Milroy, Mullaley",Oxley Highway
"Guyong, The Rocks, Vittoria",Mitchell Highway
Guyra,"Guyra Road, Ollera Street"
"Guyra, Tingha, Wandsworth",Guyra Road
"Gwynneville, Keiraville",Murphys Avenue
"Gwynneville, Keiraville, West Wollongong",Princes Motorway
"Gymea, Kareela, Sylvania",Princes Highway
"Gymea, Kirrawee, Sutherland","Acacia Road, Princes Highway"
"Gymea, Miranda",Kingsway
"Halfway Creek, Wells Crossing","Old Pacific Highway, Pacific Highway"
"Halloran, Jilliby, Wallarah, Warnervale, Woongarrah",Sparks Road
"Hallsville, Moore Creek, North Tamworth, Oxley Vale, Tamworth","Manilla Road, Peel Street"
Hamilton,Donald Street
Hamilton East,Stewart Avenue
"Hamilton East, Hamilton South","Gordon Avenue, Stewart Avenue"
Hamilton South,Glebe Road
"Hamilton Valley, Jindera, Lavington",Urana Road
"Hamlyn Terrace, Kanwal, Wadalba, Watanobbi, Wyong",Pacific Highway
"Hammondville, Holsworthy, Moorebank, Wattle Grove",Heathcote Road
"Hammondville, Holsworthy, Pleasure Point",Heathcote Road
"Hampton, Lowther",Jenolan Caves Road
Hanwood,"Kidman Way, Hanwood Road"
"Hartley, Little Hartley",Great Western Highway
"Hawkesbury Heights, Winmalee",Hawkesbury Road
"Hay, Hay South","Cobb Highway, Lachlan Street"
"Heathcote, Waterfall",Princes Highway
Heatherbrae,Pacific Highway
"Heatherbrae, Tomago",Pacific Highway
"Helensburgh, Stanwell Park, Stanwell Tops",Lawrence Hargrave Drive
"Henty, The Rock, Yerong Creek","Cox Street, Olympic Highway, Railway Street"
"Herons Creek, Kew",Pacific Highway
"Hexham, Sandgate",Maitland Road
"Hillvue, South Tamworth, West Tamworth",Duri Road
"Hobartville, Richmond",Castlereagh Road
"Holsworthy, Menai, Pleasure Point",Heathcote Road
Homebush West,"Marlborough Road, Richmond Road"
"Homebush West, Lidcombe, Rookwood, Strathfield","Arthur Street, Railway Street, East Street, Weeroona Road"
"Homebush, Homebush West",Parramatta Road
Hopefield,Hopefield Road
Hornsby Heights,Somerville Road
"Hornsby, Normanhurst, Thornleigh","College Crescent, Malsbury Road, Milson Parade, Sefton Road"
"Hornsby, Turramurra, Wahroonga, Waitara","Burns Road, Eastern Road, Edgeworth David Avenue, Junction Road"
"Hornsby, Wahroonga, Waitara",Pacific Highway
"Horsfield Bay, Kariong, Phegans Bay, Woy Woy, Woy Woy Bay",Woy Woy Road
Hunters Hill,Ryde Road
"Huskisson, Vincentia","Elizabeth Drive, Burrill Street"
"Ilford, Kelso, Laffing Waters, Peel, Sofala, Wattle Flat, Wiagdon","Ilford Sofala Road, Sofala Road"
"Ilford, Round Swamp, Running Stream",Castlereagh Highway
"Ingleside, Mona Vale, Warriewood",Mona Vale Road
Inverell,"Byron Street, Glen Innes Road, Gwydir Highway, Otho Street, Warialda Road"
Islington,Maitland Road
Jacky Bulbin Flat,Pacific Highway
"Jamberoo, Kiama","Allowrie Street, Churchill Street, Jamberoo Road, Terralong Street"
"James Creek, Micalo Island, Palmers Channel, Palmers Island",Yamba Road
"Jeir, Murrumbateman",Barton Highway
"Jeir, Springrange, Wallaroo",Barton Highway
"Jellat Jellat, Kalaru",Tathra Road
"Jennings, Tarban, Tenterfield","Cowper Street, New England Highway, Phelhampton Crescent"
"Jerrabomberra, Karabar, Queanbeyan West",Southbar Road
"Jerrabomberra, Queanbeyan West",Lanyon Drive
"Jesmond, Lambton, North Lambton, Wallsend",Newcastle Road
"Jindabyne, Kosciuszko National Park",Kosciuszko Road
"Johns River, Kew, Middle Brother, Rossglen",Pacific Highway
Junee,"Illabo Road, Main Street, Olympic Highway, Seignior Street"
"Kalaru, Tathra","Bega Street, Tathra Road"
"Kanahooka, Koonawarra",Lakeside Drive
"Kapooka, Lloyd, Moorong, The Rock, Uranquinty","Morgan Street, Olympic Highway"
"Karuah, North Arm Cove, Tea Gardens","Myall Way, Pacific Highway"
"Keiraville, West Wollongong",Robsons Road
"Kellyville Ridge, Rouse Hill",Windsor Road
"Kellyville Ridge, Stanhope Gardens","Conrad Road, Merriville Road"
"Kellyville, Stanhope Gardens",Old Windsor Road
Kelso,Gilmour Street
"Kembla Grange, Unanderra",Princes Highway
"Kempsey, West Kempsey","Belgrave Street, Elbow Street, River Street"
"Kendall, Kew, Lorne, Upsalls Creek","Lorne Road, Graham Street, Kendall Road, Ocean Drive"
"Kew, Lakewood, Laurieton, West Haven",Ocean Drive
Kiama,Shoalhaven Street
"Kianga, Narooma, North Narooma","Campbell Street, Princes Highway"
"King Creek, Lake Innes, Port Macquarie, Rosewood, Sancrox, Thrumster, Wauchope","Capital Drive, Carrington Street, High Street, John Oxley Drive, Oxley Highway"
"Kingsford, Maroubra",Anzac Parade
"Kingsvale, Wombat, Young",Back Creek Road
Kingswood,Great Western Highway
"Kingswood, South Penrith",Parker Street
"Kirkconnell, Meadow Flat",Great Western Highway
"Kirrawee, Loftus, Royal National Park, Sutherland","Acacia Road, Farnell Avenue, Princes Highway"
"Klori, Manilla, Upper Manilla","Manilla Road, Rowan Street, Market Street, Arthur Street, Tamworth Road"
"Knockrow, Tintenbar","Kinvara Ridge Road, Pacific Highway"
"Koolewong, Point Clare, Tascott, West Gosford, Woy Woy",Brisbane Water Drive
"Koolewong, Tascott",Glenrock Parade
"Kooragang, Mayfield, Mayfield West","Cormorant Road, Nelson Bay Road, Teal Street, Tourle Street"
"Kootingal, Moonbi, Tintinhull",New England Highway
"Kootingal, Nemingha",Back Kootingal Road
"Kotara, New Lambton",Bridges Road
"Kotara, New Lambton",Carnley Avenue
"Kurmond, Kurrajong, North Richmond",Bells Line of Road
Kurnell,Captain Cook Drive
"Kurrajong, Kurrajong Hills",Bells Line of Road
Kurri Kurri,Mitchell Avenue
"Kurri Kurri, Pelaw Main, Stanford Merthyr","Mulbring Street, Tarro Street, Victoria Street"
Laguna,Great North Road
"Laguna, Wollombi",Great North Road
"Lake Hume Village, Thurgoona",Riverina Highway
Lake Illawarra,Reddall Parade
"Lake Innes, Sancrox",Burrawan Forest Drive
"Lake Innes, Sancrox, Thrumster",Pacific Highway
Lambton,Howe Street
"Lambton, New Lambton","Durham Road, Howe Street, Karoola Road, Lambton Road, Lloyd Road"
"Lane Cove, Longueville, Riverview","Bridge Street, Northwood Road, Penrose Street, River Road"
"Larbert, Warri",Kings Highway
Lavington,Hague Street
Lavington,Wagga Road
"Lavington, Springdale Heights",Kaitlers Road
"Lavington, Thurgoona",Thurgoona Drive
Leeton,"Irrigation Way, Kurrajong Avenue, Pine Avenue, Wamoon Avenue, Yanco Avenue"
"Lemon Tree Passage, Mallabula, Tanilba Bay",Lemon Tree Passage Road
"Lennox Head, Tintenbar",Ross Lane
"Lethbridge Park, Ropes Crossing, Shalvey, Willmot",Palmyra Avenue
"Leura, Wentworth Falls",Great Western Highway
Lidcombe,"Boorea Street, Olympic Drive"
Lidcombe,John Street
"Lidster, Nashdale",Cargo Road
"Lightning Ridge, Walgett",Castlereagh Highway
"Lilli Pilli, Malua Bay, Surf Beach",George Bass Drive
"Lilyfield, Rozelle","Balmain Road, Darling Street, Perry Street"
"Lilyvale, Otford, Stanwell Tops","Lady Wakehurst Drive, Otford Road"
Lindfield,Grosvenor Road
"Lisarow, Narara, Niagara Park, North Gosford, Wyoming","Mann Street, Pacific Highway"
Little Billabong,Hume Highway
Little Billabong,Hume Highway
Liverpool,"Copeland Street, Hume Highway"
"Lochinvar, Rutherford, Windella",New England Highway
"Loftus, Royal National Park","Audley Road, Farnell Avenue"
"Loftville, South Gunurimba, South Lismore","Bruxner Highway, Union Street"
Long Jetty,The Entrance Road
"Long Jetty, The Entrance","Oakland Avenue, The Entrance Road, Wilfred Barrett Drive"
"Lovedale, Rothbury",Wine Country Drive
Lucas Heights,Heathcote Road
Lucas Heights,Heathcote Road
"Lucknow, Orange","Bathurst Road, Mitchell Highway, Molong Road, Summer Street, Woodward Street"
"Luddenham, Wallacia",Park Road
"Lyndhurst, Mandurama, Woodstock","Mid Western Highway, Olive Street"
"Macksville, Nambucca Heads, North Macksville","Cooper Street, Giinagay Way"
"Magenta, Norah Head, Noraville",Wilfred Barrett Drive
"Magenta, The Entrance North",Wilfred Barrett Drive
"Maitland, Rutherford",New England Highway
"Maitland, Telarah",New England Highway
"Maldon, Picton, Razorback, Wilton",Picton Road
"Mallanganee, Mummulgum, Sandilands",Bruxner Highway
"Manly, North Manly",Pittwater Road
"Marayong, Quakers Hill",Railway Road
Mardi,Woodbury Park Drive
"Maroota, South Maroota","Sackville Ferry Road, Wisemans Ferry Road"
"Maroota, Wisemans Ferry",Old Northern Road
Maroubra,Maroubra Road
Marsden Park,Richmond Road
"Maryvale, Montefiores, Wellington","Lee Street, Mitchell Highway, Nanima Crescent, Percy Street"
"Maryville, Tighes Hill, Wickham",Hannell Street
"Mascot, Rosebery",Coward Street
"Mayfield, Mayfield East, Mayfield North, Tighes Hill",Industrial Drive
"Mayfield, Waratah","Hanbury Street, Platt Street, Railway Terrace, Station Street, Turton Road, Vine Street"
"McGraths Hill, Vineyard",Windsor Road
"Meadow Flat, Mount Lambie",Great Western Highway
Medowie,Ferodale Road
"Merewether, Merewether Heights",City Road
"Merewether, Merewether Heights",Scenic Drive
"Merewether, The Junction",Glebe Road
"Merimbula, Pambula","Arthur Kaine Drive, Market Street, Toallo Street"
Merrylands,"Douglas Street, Hilltop Road"
"Micalo Island, Yamba","Yamba Road, Wooli Street"
"Millthorpe, Shadforth, Spring Hill, Spring Terrace","Forest Road, Worboys Street, Seaton Street, Spring Street, Whiley Road, Millthorpe Road"
Milperra,Henry Lawson Drive
Milton,Princes Highway
Milton,Princes Highway
"Mindaribba, Paterson, Tocal",Tocal Road
Miranda,Port Hacking Road
Miranda,President Avenue
"Modanville, North Lismore, Tullera","Dunoon Road, Tweed Street"
"Mollymook, Ulladulla",Princes Highway
Molong,"Hill Street, Market Street, Mitchell Highway, Watson Street"
Molong,Mitchell Highway
"Mona Vale, Newport",Barrenjoey Road
"Mona Vale, North Narrabeen, Warriewood",Pittwater Road
"Monterey, Ramsgate Beach",The Grand Parade
Moorebank,Moorebank Avenue
Moree,"Alice Street, Bingara Road, Cross Street, Gwydir Highway"
Moree,"Balo Street, Boggabilla Road, Greenbah Road, Gwydir Highway, Heber Street"
Moree,"Balo Street, Frome Street"
Moree,Edward Street
Moree,Newell Highway
"Morisset, Wyee",Wyee Road
"Mororo, Woombah",Pacific Highway
"Mortons Creek, Pembrooke, Redbank, Telegraph Point",Pembrooke Road
"Moss Vale, New Berrima","Berrima Road, Taylor Avenue, Waite Street"
Mount Druitt,Carlisle Avenue
"Mount Hutton, Warners Bay",Bayview Street
"Mount Keira, West Wollongong","Mount Keira Road,"
"Mount Vincent, Mulbring",Leggetts Drive
Mount Warrigal,Reddall Parade
Mulgoa,Mulgoa Road
"Mullengandra, Woomargama","Hume Highway, Woomargama Way"
Mullumbimby,Coolamon Scenic Drive
"Mullumbimby, Myocum","Argyle Street, Burringbar Street, Mullumbimby Road"
"Mummulgum, Piora",Bruxner Highway
"Mundarlo, Tumblong",Hume Highway
"Murrumburrah, Nubba, Wallendbeen","Burley Griffin Way, Victoria Street"
"Murwillumbah, Tygalgah",Tumbulgum Road
Muswellbrook,"Bridge Street, Maitland Street, New England Highway, Sydney Street"
Muswellbrook,New England Highway
"Narara, Niagara Park",Narara Valley Drive
"Narara, West Gosford, Wyoming",Manns Road
"Naremburn, Willoughby",Willoughby Road
"Narrabri, Tarriaro","Maitland Street, Old Gunnedah Road"
"Narrabri, Wee Waa","Kamilaroi Highway, Maitland Street, Mitchell Street, Rose Street, Wee Waa Road"
Narrandera,"Audley Street, Irrigation Way"
Narromine,"Burraway Street, Dandaloo Street, Mitchell Highway, Trangie Road"
Narromine,Mitchell Highway
Nelligen,Kings Highway
Nelson Bay,"Nelson Bay Road, Stockton Street"
"Nelson Bay, Shoal Bay",Shoal Bay Road
"Nemingha, Piallamore",Nundle Road
"Nerong, Tea Gardens",Pacific Highway
New Italy,Pacific Highway
New Lambton,Lambton Road
New Lambton,Russell Road
"New Lambton, New Lambton Heights",Lookout Road
"Nimmitabel, Rock Flat, Steeple Flat","Bombala Street, Monaro Highway"
Noraville,Budgewoi Road
North Albury,Mate Street
"North Macksville, Wirrimbi","Rodeo Drive, Ferry Street"
North Nowra,McMahons Road
North Parramatta,Church Street
"North Parramatta, Parramatta",O'Connell Street
"North Ryde, Ryde","Goulding Road, Twin Road, Wicks Road"
"North Tamworth, Taminda","Dampier Street, Jewry Street"
"North Wahroonga, Wahroonga",Grosvenor Street
"North Yalgogrin, Weethalle, West Wyalong",Mid Western Highway
"Northmead, Winston Hills",Windsor Road
Nowra,Berry Street
Nowra,Junction Street
Nowra,Worrigee Street
"Nowra Hill, South Nowra",Princes Highway
"Nowra, Nowra Hill, South Nowra, West Nowra","Albatross Road, Kalandar Street"
"Nowra, South Nowra",Kinghorne Street
"Nowra, Worrigee","Greenwell Point Road, Kalandar Street"
"Nubba, Wallendbeen, Wombat, Young","Olympic Highway, Young Street"
"Nulkaba, Pokolbin, Rothbury",Wine Country Drive
Nymboida,Armidale Road
Oak Flats,Central Avenue
"Oakhurst, Plumpton",Rooty Hill Road North
"Oberon, O'Connell",O'Connell Road
"Old Erowal Bay, Sanctuary Point, Worrowing Heights","Larmer Avenue, Paradise Beach Road, The Wool Road"
"Old Grevillia, Roseberry, Rukenvale, The Risk, West Wiangaree",Summerland Way
Old Junee,Goldfields Way
Orange,Kite Street
Orange,"Leeds Parade, William Street"
Orange,March Steet
Orange,Spring Street
Orange,Warrendine Street
Orange,Woodward Street
"Orange, Spring Creek","Forest Road, Peisley Street"
"Orangeville, Werombi",Silverdale Road
"Orchard Hills, St Clair",Mamre Road
"Orchard Hills, St Clair, St Marys",Mamre Road
"Paddys River, Wingello",Hume Highway
"Padstow Heights, Revesby Heights",Henry Lawson Drive
"Padstow, Revesby","Alma Road, Faraday Road, Uranus Road"
"Pambula, Pambula Beach",Pambula Beach Road
Parkes,"Bogan Street, Clarinda Street, Forbes Street, Hartigan Avenue, Mitchell Street, Peak Hill Road, Newell Highway"
Parkes,"Condobolin Road, Dalton Street"
Parramatta,"Hassall Street, Parkes Street"
Peak Hill,Caswell Street
"Peakhurst, Punchbowl, Riverwood, Roselands",Bonds Road
"Peakhurst, Riverwood",Belmore Road
"Pembrooke, Telegraph Point",Telegraph Point Road
"Pendle Hill, Toongabbie, Wentworthville",Wentworth Avenue
Penrith,"Belmore Street, Henry Street, High Street, Jane Street, North Street"
Picnic Point,Henry Lawson Drive
"Picton, Razorback","Argyle Street, Remembrance Driveway"
"Picton, Thirlmere","Thirlmere Way, Oaks Street, Barbour Road, West Parade"
"Pimlico, Wardell","Blackwall Drive, Pacific Highway"
"Port Kembla, Warrawong",King Street
"Port Kembla, Warrawong",Shellharbour Road
Port Macquarie,Lake Road
Port Macquarie,Lake Road
Port Macquarie,Lord Street
Port Macquarie,Pacific Drive
Port Macquarie,Park Street
Punchbowl,Wattle Street
"Punchbowl, Wiley Park",Punchbowl Road
"Pymble, St Ives",Mona Vale Road
"Pyree, Wollumboola","Culburra Road, Pyree Lane"
Queanbeyan,Morisset Street
Queanbeyan,Stornaway Road
Queanbeyan East,High Street
Queanbeyan East,Yass Road
"Quipolly, Quirindi, Werris Creek","Werris Creek Road, Hawker Street"
"Raleigh, Urunga",Giinagay Way
Ravensworth,New England Highway
Raymond Terrace,Adelaide Street
Regents Park,Amy Street
Rhodes,"Rider Boulevard, Walker Street"
Robertson,"Hoddle Street, Illawarra Highway"
Robertson,Illawarra Highway
Rock Flat,Monaro Highway
"Rocky River, Uralla, Yarrowyck","Thunderbolts Way, Hill Street"
"Rose Bay, Vaucluse",New South Head Road
Roseville,Boundary Street
Royal National Park,Sir Bertram Stevens Drive
Royal National Park,Sir Bertram Stevens Drive
"Royal National Park, Waterfall",McKell Avenue
"Salisbury Plains, Uralla, Walcha","Derby Street, Duke Street, Salisbury Street, Thunderbolts Way, Uralla Road"
"Salt Ash, Williamtown",Nelson Bay Road
San Remo,Goorama Avenue
"Sandgate, Shortland","Sandgate Road, Wallsend Road"
Sandigo,Sturt Highway
Sandy Hill,Bruxner Highway
"Sandy Hill, Tenterfield",Bruxner Highway
Sans Souci,"Sandringham Street, The Grand Parade"
Scone,"Bunnan Road, Liverpool Street, Satur Road"
"Scotts Head, Way Way",Scotts Head Road
Seven Hills,Prospect Highway
"Seven Hills, Toongabbie","Fitzwilliam Road, Station Road"
"Silverdale, Wallacia",Silverdale Road
"Silverdale, Wallacia",Silverdale Road
South Granville,Clyde Street
"South Gundagai, Tumblong",Hume Highway
"South Lismore, Tuncester","Casino Street, Kyogle Road, Union Street"
South Nowra,Flinders Road
South Nowra,Hillcrest Avenue
"South Tamworth, Tamworth, West Tamworth","Murray Street, Scott Road"
"South Tamworth, West Tamworth","Ebsworth Street, Goonoo Goonoo Road"
"South Turramurra, Thornleigh, Turramurra, Wahroonga, West Pymble","Doncaster Avenue, The Comenarra Parkway, Yanko Road"
South West Rocks,Gregory Street
"Speers Point, Warners Bay",The Esplanade
Springfield,Wells Street
Springwood,Hawkesbury Road
St Ives,"Eastern Arterial Road, Horace Street, Link Road"
St Ives,Mona Vale Road
"St Ives, Turramurra","Burns Road, Killeaton Street, Link Road"
St Johns Park,Melbourne Road
Stanwell Park,Lawrence Hargrave Drive
Stockton,Fullerton Street
Strathfield,"Arthur Street, Beresford Road, Broughton Road"
Sutton Forest,Illawarra Highway
Sylvania,Port Hacking Road
Sylvania,Princes Highway
Tabbimoble,Pacific Highway
Table Top,"Hume Highway, Olympic Highway"
Tahmoor,Thirlmere Way
"Taminda, Westdale","Gunnedah Road, Oxley Highway"
"Taree, Wingham",Wingham Road
Tea Gardens,"Myall Street, Myall Way, Pacific Highway, Tea Gardens Road"
Tenterfield,Rouse Street
Terrey Hills,Mona Vale Road
Thurgoona,Corrys Road
Tomago,Tomago Road
Toronto,"Cary Street, Anzac Parade"
Toronto,"Excelsior Parade, Mount Waring Road, Wangi Road"
Toukley,Main Road
Towradgi,Towradgi Road
"Tuggerah, Watanobbi, Wyong",Pacific Highway
Tumbulgum,Tweed Valley Way
Tumut,"Blowering Road, Fitzroy Street, Snowy Mountains Highway"
"Tuncurry, Wallis Lake","Manning Street, The Lakes Way"
Turramurra,Kissing Point Road
Turvey Park,"Lord Baden Powell Drive, Urana Street"
Tweed Heads,Ducat Street
Tweed Heads,Kennedy Drive
Tweed Heads South,Dry Dock Road
Tweed Heads West,Kennedy Drive
"Tweed Heads, Tweed Heads South","Minjungbal Drive, Wharf Street"
Twelve Mile Creek,The Bucketts Way
Ulladulla,Green Street
Ulladulla,St Vincent Street
"Umina Beach, Woy Woy",Ocean Beach Road
Unanderra,Waples Road
Uralla,"Bridge Street, New England Highway"
Valla,Giinagay Way
Wagga Wagga,Docker Street
Wagga Wagga,Edward Street
Wagga Wagga,Kincaid Street
Wagga Wagga,Tarcutta Street
Wagga Wagga,Travers Street
Walcha,"Derby Street, Thunderbolts Way"
Wallsend,Longworth Avenue
Wallsend,Thomas Street
Wapengo,Tathra Bermagui Road
Warkworth,Golden Highway
Warners Bay,King Street
Warners Bay,Warners Bay Road
Waterfall,Princes Highway
Wauchope,Cameron Street
Wentworth Falls,Great Western Highway
Werris Creek,Single Street
West Kempsey,North Street
West Kempsey,Sea Street
"West Wyalong, Wyalong","Main Street, Neeld Street, Newell Highway, Reg Rattey Drive, Tallimba Road"
Wickham,Hannell Street
"Widgelli, Yoogali",Irrigation Way
Wilberforce,Wilberforce Road
Williamtown,Cabbage Tree Road
Willow Tree,New England Highway
Wollogorang,Federal Highway
"Wollogorang, Yarra",Federal Highway
Woodstock,Mid Western Highway
Wyee,Wyee Road
Yass,"Comur Street, Laidlaw Street, Yass Valley Way"
Yetholme,Great Western Highway
Yoogali,Mackay Avenue
Young,"Boorowa Street, Campbell Street, Olympic Highway"
